-- Semeia 40 veículos usados (com fotos) em 4 contas fictícias de revenda.
-- Idempotente: usa UUIDs/e-mails fixos com ON CONFLICT DO NOTHING.
-- As contas são premium (cota de anúncios ilimitada). Todos os anúncios
-- entram como 'active' e abaixo do teto de 85% da FIPE.
--
-- As fotos ficam no bucket público `listing-photos` (mesmo padrão dos demais
-- anúncios). O upload dos arquivos é feito à parte (ver observação ao final);
-- aqui registramos apenas os caminhos em listing_photos.
--
-- Os arquivos de foto ficam em `{owner_id}/seed-NN.jpg` no bucket
-- `listing-photos`. A migration não consegue subir binários; se o storage for
-- zerado, reenvie as imagens para esses caminhos (uma foto por anúncio).

-- 1) Contas de autenticação das revendas (senha: catirapp123)
-- As colunas *_token vão como '' (string vazia): o GoTrue não aceita NULL nelas
-- e o login por senha falha (HTTP 500) se ficarem nulas.
insert into auth.users (
  instance_id, id, aud, role, email, encrypted_password,
  email_confirmed_at, created_at, updated_at,
  raw_app_meta_data, raw_user_meta_data,
  confirmation_token, recovery_token, email_change,
  email_change_token_new, email_change_token_current,
  phone_change, phone_change_token, reauthentication_token
)
values
  ('00000000-0000-0000-0000-000000000000', 'e0000000-0000-4000-8000-000000000001', 'authenticated', 'authenticated',
   'revenda1@catirapp.demo', crypt('catirapp123', gen_salt('bf')), now(), now(), now(),
   '{"provider":"email","providers":["email"]}'::jsonb, jsonb_build_object('display_name', 'Garagem Central Seminovos', 'city', 'Goiânia', 'state', 'GO'),
   '', '', '', '', '', '', '', ''),
  ('00000000-0000-0000-0000-000000000000', 'e0000000-0000-4000-8000-000000000002', 'authenticated', 'authenticated',
   'revenda2@catirapp.demo', crypt('catirapp123', gen_salt('bf')), now(), now(), now(),
   '{"provider":"email","providers":["email"]}'::jsonb, jsonb_build_object('display_name', 'Cerrado Motors', 'city', 'Brasília', 'state', 'DF'),
   '', '', '', '', '', '', '', ''),
  ('00000000-0000-0000-0000-000000000000', 'e0000000-0000-4000-8000-000000000003', 'authenticated', 'authenticated',
   'revenda3@catirapp.demo', crypt('catirapp123', gen_salt('bf')), now(), now(), now(),
   '{"provider":"email","providers":["email"]}'::jsonb, jsonb_build_object('display_name', 'Triângulo Veículos', 'city', 'Uberlândia', 'state', 'MG'),
   '', '', '', '', '', '', '', ''),
  ('00000000-0000-0000-0000-000000000000', 'e0000000-0000-4000-8000-000000000004', 'authenticated', 'authenticated',
   'revenda4@catirapp.demo', crypt('catirapp123', gen_salt('bf')), now(), now(), now(),
   '{"provider":"email","providers":["email"]}'::jsonb, jsonb_build_object('display_name', 'Rota Sul Automóveis', 'city', 'Rio Verde', 'state', 'GO'),
   '', '', '', '', '', '', '', '')
on conflict (id) do nothing;

-- 2) Identidade de e-mail (necessária para o login por senha)
insert into auth.identities (
  id, user_id, provider_id, identity_data, provider, last_sign_in_at, created_at, updated_at
)
values
  (gen_random_uuid(), 'e0000000-0000-4000-8000-000000000001', 'e0000000-0000-4000-8000-000000000001', jsonb_build_object('sub', 'e0000000-0000-4000-8000-000000000001', 'email', 'revenda1@catirapp.demo', 'email_verified', true, 'phone_verified', false), 'email', now(), now(), now()),
  (gen_random_uuid(), 'e0000000-0000-4000-8000-000000000002', 'e0000000-0000-4000-8000-000000000002', jsonb_build_object('sub', 'e0000000-0000-4000-8000-000000000002', 'email', 'revenda2@catirapp.demo', 'email_verified', true, 'phone_verified', false), 'email', now(), now(), now()),
  (gen_random_uuid(), 'e0000000-0000-4000-8000-000000000003', 'e0000000-0000-4000-8000-000000000003', jsonb_build_object('sub', 'e0000000-0000-4000-8000-000000000003', 'email', 'revenda3@catirapp.demo', 'email_verified', true, 'phone_verified', false), 'email', now(), now(), now()),
  (gen_random_uuid(), 'e0000000-0000-4000-8000-000000000004', 'e0000000-0000-4000-8000-000000000004', jsonb_build_object('sub', 'e0000000-0000-4000-8000-000000000004', 'email', 'revenda4@catirapp.demo', 'email_verified', true, 'phone_verified', false), 'email', now(), now(), now())
on conflict do nothing;

-- 3) Perfis premium (o trigger cria o perfil como free; ajustamos plano/telefone)
update profiles set plan_code = 'premium', phone = '(62) 99911-0001', display_name = 'Garagem Central Seminovos', city = 'Goiânia', state = 'GO' where id = 'e0000000-0000-4000-8000-000000000001';
update profiles set plan_code = 'premium', phone = '(61) 99911-0002', display_name = 'Cerrado Motors', city = 'Brasília', state = 'DF' where id = 'e0000000-0000-4000-8000-000000000002';
update profiles set plan_code = 'premium', phone = '(34) 99911-0003', display_name = 'Triângulo Veículos', city = 'Uberlândia', state = 'MG' where id = 'e0000000-0000-4000-8000-000000000003';
update profiles set plan_code = 'premium', phone = '(64) 99911-0004', display_name = 'Rota Sul Automóveis', city = 'Rio Verde', state = 'GO' where id = 'e0000000-0000-4000-8000-000000000004';

-- 4) Bens da garagem (assets) que lastreiam cada anúncio
insert into assets (id, owner_id, category, title, estimated_value, city, state) values
  ('aa000000-0000-4000-8000-000000000001', 'e0000000-0000-4000-8000-000000000001', 'carro', 'Toyota Corolla GLi 1.8 2020', 92000, 'Goiânia', 'GO'),
  ('aa000000-0000-4000-8000-000000000002', 'e0000000-0000-4000-8000-000000000001', 'carro', 'Hyundai HB20 Comfort Plus 1.0 2021', 58000, 'Goiânia', 'GO'),
  ('aa000000-0000-4000-8000-000000000003', 'e0000000-0000-4000-8000-000000000001', 'suv', 'Jeep Renegade Longitude 1.8 2019', 89000, 'Goiânia', 'GO'),
  ('aa000000-0000-4000-8000-000000000004', 'e0000000-0000-4000-8000-000000000001', 'carro', 'Chevrolet Onix LT 1.0 Turbo 2022', 72000, 'Aparecida de Goiânia', 'GO'),
  ('aa000000-0000-4000-8000-000000000005', 'e0000000-0000-4000-8000-000000000001', 'suv', 'Volkswagen Nivus Highline 1.0 TSI 2021', 108000, 'Goiânia', 'GO'),
  ('aa000000-0000-4000-8000-000000000006', 'e0000000-0000-4000-8000-000000000001', 'moto', 'Honda CG 160 Titan 2021', 16000, 'Goiânia', 'GO'),
  ('aa000000-0000-4000-8000-000000000007', 'e0000000-0000-4000-8000-000000000001', 'carro', 'Fiat Argo Drive 1.3 2021', 62000, 'Trindade', 'GO'),
  ('aa000000-0000-4000-8000-000000000008', 'e0000000-0000-4000-8000-000000000001', 'caminhonete', 'Toyota Hilux SRV 2.8 4x4 2019', 210000, 'Goiânia', 'GO'),
  ('aa000000-0000-4000-8000-000000000009', 'e0000000-0000-4000-8000-000000000001', 'suv', 'Renault Duster Iconic 1.6 2020', 84000, 'Goiânia', 'GO'),
  ('aa000000-0000-4000-8000-000000000010', 'e0000000-0000-4000-8000-000000000001', 'caminhonete', 'Chevrolet S10 LTZ 2.8 4x4 2020', 172000, 'Goiânia', 'GO'),
  ('aa000000-0000-4000-8000-000000000011', 'e0000000-0000-4000-8000-000000000002', 'carro', 'Honda Civic EXL 2.0 2019', 112000, 'Brasília', 'DF'),
  ('aa000000-0000-4000-8000-000000000012', 'e0000000-0000-4000-8000-000000000002', 'suv', 'Jeep Compass Limited 2.0 2020', 138000, 'Brasília', 'DF'),
  ('aa000000-0000-4000-8000-000000000013', 'e0000000-0000-4000-8000-000000000002', 'suv', 'Volkswagen T-Cross Comfortline 1.0 2021', 114000, 'Brasília', 'DF'),
  ('aa000000-0000-4000-8000-000000000014', 'e0000000-0000-4000-8000-000000000002', 'caminhonete', 'Ford Ranger XLT 3.2 4x4 2019', 165000, 'Taguatinga', 'DF'),
  ('aa000000-0000-4000-8000-000000000015', 'e0000000-0000-4000-8000-000000000002', 'suv', 'Hyundai Creta Pulse 1.6 2021', 102000, 'Brasília', 'DF'),
  ('aa000000-0000-4000-8000-000000000016', 'e0000000-0000-4000-8000-000000000002', 'moto', 'Yamaha MT-03 321 2020', 32000, 'Brasília', 'DF'),
  ('aa000000-0000-4000-8000-000000000017', 'e0000000-0000-4000-8000-000000000002', 'suv', 'Nissan Kicks SV 1.6 2020', 88000, 'Gama', 'DF'),
  ('aa000000-0000-4000-8000-000000000018', 'e0000000-0000-4000-8000-000000000002', 'carro', 'Chevrolet Cruze LT 1.4 Turbo 2019', 92000, 'Brasília', 'DF'),
  ('aa000000-0000-4000-8000-000000000019', 'e0000000-0000-4000-8000-000000000002', 'caminhonete', 'Volkswagen Amarok Highline 2.0 2018', 158000, 'Brasília', 'DF'),
  ('aa000000-0000-4000-8000-000000000020', 'e0000000-0000-4000-8000-000000000002', 'carro', 'Toyota Yaris XL 1.5 2021', 78000, 'Brasília', 'DF'),
  ('aa000000-0000-4000-8000-000000000021', 'e0000000-0000-4000-8000-000000000003', 'suv', 'Honda HR-V EX 1.8 2020', 118000, 'Uberlândia', 'MG'),
  ('aa000000-0000-4000-8000-000000000022', 'e0000000-0000-4000-8000-000000000003', 'caminhonete', 'Fiat Toro Freedom 1.8 2020', 118000, 'Uberlândia', 'MG'),
  ('aa000000-0000-4000-8000-000000000023', 'e0000000-0000-4000-8000-000000000003', 'carro', 'Volkswagen Polo Highline 1.0 TSI 2021', 84000, 'Uberlândia', 'MG'),
  ('aa000000-0000-4000-8000-000000000024', 'e0000000-0000-4000-8000-000000000003', 'suv', 'Hyundai Tucson GLS 1.6 Turbo 2019', 112000, 'Uberaba', 'MG'),
  ('aa000000-0000-4000-8000-000000000025', 'e0000000-0000-4000-8000-000000000003', 'suv', 'Chevrolet Tracker Premier 1.2 Turbo 2021', 118000, 'Uberlândia', 'MG'),
  ('aa000000-0000-4000-8000-000000000026', 'e0000000-0000-4000-8000-000000000003', 'moto', 'Honda PCX 150 2021', 22000, 'Uberlândia', 'MG'),
  ('aa000000-0000-4000-8000-000000000027', 'e0000000-0000-4000-8000-000000000003', 'carro', 'Fiat Cronos Precision 1.3 2020', 72000, 'Araguari', 'MG'),
  ('aa000000-0000-4000-8000-000000000028', 'e0000000-0000-4000-8000-000000000003', 'caminhonete', 'Nissan Frontier Attack 2.3 4x4 2019', 158000, 'Uberlândia', 'MG'),
  ('aa000000-0000-4000-8000-000000000029', 'e0000000-0000-4000-8000-000000000003', 'carro', 'Renault Kwid Zen 1.0 2022', 52000, 'Uberlândia', 'MG'),
  ('aa000000-0000-4000-8000-000000000030', 'e0000000-0000-4000-8000-000000000003', 'caminhonete', 'Volkswagen Saveiro Cross 1.6 2020', 78000, 'Uberlândia', 'MG'),
  ('aa000000-0000-4000-8000-000000000031', 'e0000000-0000-4000-8000-000000000004', 'suv', 'Toyota SW4 SRX 2.8 4x4 7L 2019', 320000, 'Rio Verde', 'GO'),
  ('aa000000-0000-4000-8000-000000000032', 'e0000000-0000-4000-8000-000000000004', 'carro', 'Chevrolet Onix Plus LTZ 1.0 Turbo 2021', 82000, 'Rio Verde', 'GO'),
  ('aa000000-0000-4000-8000-000000000033', 'e0000000-0000-4000-8000-000000000004', 'caminhonete', 'Fiat Strada Volcano 1.3 2022', 96000, 'Jataí', 'GO'),
  ('aa000000-0000-4000-8000-000000000034', 'e0000000-0000-4000-8000-000000000004', 'carro', 'Hyundai HB20S Evolution 1.0 2021', 72000, 'Rio Verde', 'GO'),
  ('aa000000-0000-4000-8000-000000000035', 'e0000000-0000-4000-8000-000000000004', 'suv', 'Jeep Renegade Sport 1.8 2020', 92000, 'Rio Verde', 'GO'),
  ('aa000000-0000-4000-8000-000000000036', 'e0000000-0000-4000-8000-000000000004', 'carro', 'Volkswagen Gol 1.6 MSI 2019', 48000, 'Santa Helena de Goiás', 'GO'),
  ('aa000000-0000-4000-8000-000000000037', 'e0000000-0000-4000-8000-000000000004', 'moto', 'Honda Biz 125 2021', 14000, 'Rio Verde', 'GO'),
  ('aa000000-0000-4000-8000-000000000038', 'e0000000-0000-4000-8000-000000000004', 'caminhao', 'Mercedes-Benz Atego 2426 6x2 2016', 298000, 'Rio Verde', 'GO'),
  ('aa000000-0000-4000-8000-000000000039', 'e0000000-0000-4000-8000-000000000004', 'carro', 'Ford Ka SE 1.0 2020', 54000, 'Rio Verde', 'GO'),
  ('aa000000-0000-4000-8000-000000000040', 'e0000000-0000-4000-8000-000000000004', 'caminhonete', 'Toyota Hilux SRX 2.8 4x4 2021', 258000, 'Rio Verde', 'GO')
on conflict (id) do nothing;

-- 5) Anúncios (listings) — todos ativos e abaixo do teto FIPE
insert into listings (
  id, owner_id, asset_id, brand, model, model_year, mileage_km, city, state,
  price, fipe_code, fipe_value, accepts_trade, accepts_cash_complement, status,
  damage_severity, single_owner, color, transmission, fuel, doors, published_at
) values
  ('f0000000-0000-4000-8000-000000000001', 'e0000000-0000-4000-8000-000000000001', 'aa000000-0000-4000-8000-000000000001', 'Toyota', 'Corolla GLi 1.8', 2020, 62000, 'Goiânia', 'GO', 73600, '900001-1', 92000, true, true, 'active', 'nenhum', true, 'Prata', 'automatico', 'flex', 4, now()),
  ('f0000000-0000-4000-8000-000000000002', 'e0000000-0000-4000-8000-000000000001', 'aa000000-0000-4000-8000-000000000002', 'Hyundai', 'HB20 Comfort Plus 1.0', 2021, 41000, 'Goiânia', 'GO', 45240, '900002-2', 58000, true, false, 'active', 'nenhum', true, 'Branco', 'manual', 'flex', 4, now()),
  ('f0000000-0000-4000-8000-000000000003', 'e0000000-0000-4000-8000-000000000001', 'aa000000-0000-4000-8000-000000000003', 'Jeep', 'Renegade Longitude 1.8', 2019, 73000, 'Goiânia', 'GO', 70310, '900003-3', 89000, true, true, 'active', 'nenhum', false, 'Cinza', 'automatico', 'flex', 4, now()),
  ('f0000000-0000-4000-8000-000000000004', 'e0000000-0000-4000-8000-000000000001', 'aa000000-0000-4000-8000-000000000004', 'Chevrolet', 'Onix LT 1.0 Turbo', 2022, 28000, 'Aparecida de Goiânia', 'GO', 59040, '900004-4', 72000, true, false, 'active', 'nenhum', true, 'Vermelho', 'automatico', 'flex', 4, now()),
  ('f0000000-0000-4000-8000-000000000005', 'e0000000-0000-4000-8000-000000000001', 'aa000000-0000-4000-8000-000000000005', 'Volkswagen', 'Nivus Highline 1.0 TSI', 2021, 35000, 'Goiânia', 'GO', 87480, '900005-5', 108000, false, false, 'active', 'nenhum', true, 'Azul', 'automatico', 'flex', 4, now()),
  ('f0000000-0000-4000-8000-000000000006', 'e0000000-0000-4000-8000-000000000001', 'aa000000-0000-4000-8000-000000000006', 'Honda', 'CG 160 Titan', 2021, 18000, 'Goiânia', 'GO', 12800, '900006-6', 16000, true, false, 'active', 'nenhum', true, 'Preto', 'manual', 'flex', 2, now()),
  ('f0000000-0000-4000-8000-000000000007', 'e0000000-0000-4000-8000-000000000001', 'aa000000-0000-4000-8000-000000000007', 'Fiat', 'Argo Drive 1.3', 2021, 39000, 'Trindade', 'GO', 47740, '900007-7', 62000, true, false, 'active', 'nenhum', true, 'Branco', 'manual', 'flex', 4, now()),
  ('f0000000-0000-4000-8000-000000000008', 'e0000000-0000-4000-8000-000000000001', 'aa000000-0000-4000-8000-000000000008', 'Toyota', 'Hilux SRV 2.8 4x4', 2019, 98000, 'Goiânia', 'GO', 174300, '900008-8', 210000, true, true, 'active', 'nenhum', false, 'Prata', 'automatico', 'diesel', 4, now()),
  ('f0000000-0000-4000-8000-000000000009', 'e0000000-0000-4000-8000-000000000001', 'aa000000-0000-4000-8000-000000000009', 'Renault', 'Duster Iconic 1.6', 2020, 57000, 'Goiânia', 'GO', 63840, '900009-0', 84000, true, false, 'active', 'nenhum', true, 'Marrom', 'cvt', 'flex', 4, now()),
  ('f0000000-0000-4000-8000-000000000010', 'e0000000-0000-4000-8000-000000000001', 'aa000000-0000-4000-8000-000000000010', 'Chevrolet', 'S10 LTZ 2.8 4x4', 2020, 81000, 'Goiânia', 'GO', 141040, '900010-1', 172000, true, true, 'active', 'pequena_monta', false, 'Branco', 'automatico', 'diesel', 4, now()),
  ('f0000000-0000-4000-8000-000000000011', 'e0000000-0000-4000-8000-000000000002', 'aa000000-0000-4000-8000-000000000011', 'Honda', 'Civic EXL 2.0', 2019, 69000, 'Brasília', 'DF', 88480, '900011-2', 112000, true, true, 'active', 'nenhum', false, 'Preto', 'cvt', 'flex', 4, now()),
  ('f0000000-0000-4000-8000-000000000012', 'e0000000-0000-4000-8000-000000000002', 'aa000000-0000-4000-8000-000000000012', 'Jeep', 'Compass Limited 2.0', 2020, 64000, 'Brasília', 'DF', 110400, '900012-3', 138000, true, true, 'active', 'nenhum', true, 'Branco', 'automatico', 'flex', 4, now()),
  ('f0000000-0000-4000-8000-000000000013', 'e0000000-0000-4000-8000-000000000002', 'aa000000-0000-4000-8000-000000000013', 'Volkswagen', 'T-Cross Comfortline 1.0', 2021, 38000, 'Brasília', 'DF', 93480, '900013-4', 114000, false, false, 'active', 'nenhum', true, 'Cinza', 'automatico', 'flex', 4, now()),
  ('f0000000-0000-4000-8000-000000000014', 'e0000000-0000-4000-8000-000000000002', 'aa000000-0000-4000-8000-000000000014', 'Ford', 'Ranger XLT 3.2 4x4', 2019, 92000, 'Taguatinga', 'DF', 133650, '900014-5', 165000, true, true, 'active', 'nenhum', false, 'Prata', 'automatico', 'diesel', 4, now()),
  ('f0000000-0000-4000-8000-000000000015', 'e0000000-0000-4000-8000-000000000002', 'aa000000-0000-4000-8000-000000000015', 'Hyundai', 'Creta Pulse 1.6', 2021, 44000, 'Brasília', 'DF', 81600, '900015-6', 102000, true, false, 'active', 'nenhum', true, 'Vermelho', 'automatico', 'flex', 4, now()),
  ('f0000000-0000-4000-8000-000000000016', 'e0000000-0000-4000-8000-000000000002', 'aa000000-0000-4000-8000-000000000016', 'Yamaha', 'MT-03 321', 2020, 22000, 'Brasília', 'DF', 24960, '900016-7', 32000, true, false, 'active', 'nenhum', true, 'Azul', 'manual', 'gasolina', 2, now()),
  ('f0000000-0000-4000-8000-000000000017', 'e0000000-0000-4000-8000-000000000002', 'aa000000-0000-4000-8000-000000000017', 'Nissan', 'Kicks SV 1.6', 2020, 51000, 'Gama', 'DF', 67760, '900017-8', 88000, true, false, 'active', 'nenhum', true, 'Laranja', 'cvt', 'flex', 4, now()),
  ('f0000000-0000-4000-8000-000000000018', 'e0000000-0000-4000-8000-000000000002', 'aa000000-0000-4000-8000-000000000018', 'Chevrolet', 'Cruze LT 1.4 Turbo', 2019, 66000, 'Brasília', 'DF', 69920, '900018-0', 92000, true, true, 'active', 'media_monta', false, 'Branco', 'automatico', 'flex', 4, now()),
  ('f0000000-0000-4000-8000-000000000019', 'e0000000-0000-4000-8000-000000000002', 'aa000000-0000-4000-8000-000000000019', 'Volkswagen', 'Amarok Highline 2.0', 2018, 108000, 'Brasília', 'DF', 129560, '900019-1', 158000, true, true, 'active', 'nenhum', false, 'Cinza', 'automatico', 'diesel', 4, now()),
  ('f0000000-0000-4000-8000-000000000020', 'e0000000-0000-4000-8000-000000000002', 'aa000000-0000-4000-8000-000000000020', 'Toyota', 'Yaris XL 1.5', 2021, 33000, 'Brasília', 'DF', 61620, '900020-2', 78000, true, false, 'active', 'nenhum', true, 'Prata', 'cvt', 'flex', 4, now()),
  ('f0000000-0000-4000-8000-000000000021', 'e0000000-0000-4000-8000-000000000003', 'aa000000-0000-4000-8000-000000000021', 'Honda', 'HR-V EX 1.8', 2020, 58000, 'Uberlândia', 'MG', 94400, '900021-3', 118000, true, true, 'active', 'nenhum', true, 'Branco', 'cvt', 'flex', 4, now()),
  ('f0000000-0000-4000-8000-000000000022', 'e0000000-0000-4000-8000-000000000003', 'aa000000-0000-4000-8000-000000000022', 'Fiat', 'Toro Freedom 1.8', 2020, 61000, 'Uberlândia', 'MG', 95580, '900022-4', 118000, true, true, 'active', 'nenhum', true, 'Vermelho', 'automatico', 'flex', 4, now()),
  ('f0000000-0000-4000-8000-000000000023', 'e0000000-0000-4000-8000-000000000003', 'aa000000-0000-4000-8000-000000000023', 'Volkswagen', 'Polo Highline 1.0 TSI', 2021, 37000, 'Uberlândia', 'MG', 68880, '900023-5', 84000, true, false, 'active', 'nenhum', true, 'Cinza', 'automatico', 'flex', 4, now()),
  ('f0000000-0000-4000-8000-000000000024', 'e0000000-0000-4000-8000-000000000003', 'aa000000-0000-4000-8000-000000000024', 'Hyundai', 'Tucson GLS 1.6 Turbo', 2019, 72000, 'Uberaba', 'MG', 85120, '900024-6', 112000, true, true, 'active', 'nenhum', false, 'Prata', 'automatico', 'flex', 4, now()),
  ('f0000000-0000-4000-8000-000000000025', 'e0000000-0000-4000-8000-000000000003', 'aa000000-0000-4000-8000-000000000025', 'Chevrolet', 'Tracker Premier 1.2 Turbo', 2021, 40000, 'Uberlândia', 'MG', 97940, '900025-7', 118000, false, false, 'active', 'nenhum', true, 'Preto', 'automatico', 'flex', 4, now()),
  ('f0000000-0000-4000-8000-000000000026', 'e0000000-0000-4000-8000-000000000003', 'aa000000-0000-4000-8000-000000000026', 'Honda', 'PCX 150', 2021, 15000, 'Uberlândia', 'MG', 17600, '900026-8', 22000, true, false, 'active', 'nenhum', true, 'Branco', 'automatico', 'gasolina', 2, now()),
  ('f0000000-0000-4000-8000-000000000027', 'e0000000-0000-4000-8000-000000000003', 'aa000000-0000-4000-8000-000000000027', 'Fiat', 'Cronos Precision 1.3', 2020, 48000, 'Araguari', 'MG', 56160, '900027-0', 72000, true, false, 'active', 'nenhum', true, 'Prata', 'automatico', 'flex', 4, now()),
  ('f0000000-0000-4000-8000-000000000028', 'e0000000-0000-4000-8000-000000000003', 'aa000000-0000-4000-8000-000000000028', 'Nissan', 'Frontier Attack 2.3 4x4', 2019, 89000, 'Uberlândia', 'MG', 126400, '900028-1', 158000, true, true, 'active', 'nenhum', false, 'Cinza', 'automatico', 'diesel', 4, now()),
  ('f0000000-0000-4000-8000-000000000029', 'e0000000-0000-4000-8000-000000000003', 'aa000000-0000-4000-8000-000000000029', 'Renault', 'Kwid Zen 1.0', 2022, 21000, 'Uberlândia', 'MG', 41080, '900029-2', 52000, true, false, 'active', 'nenhum', true, 'Vermelho', 'manual', 'flex', 4, now()),
  ('f0000000-0000-4000-8000-000000000030', 'e0000000-0000-4000-8000-000000000003', 'aa000000-0000-4000-8000-000000000030', 'Volkswagen', 'Saveiro Cross 1.6', 2020, 63000, 'Uberlândia', 'MG', 63180, '900030-3', 78000, true, false, 'active', 'pequena_monta', false, 'Branco', 'manual', 'flex', 2, now()),
  ('f0000000-0000-4000-8000-000000000031', 'e0000000-0000-4000-8000-000000000004', 'aa000000-0000-4000-8000-000000000031', 'Toyota', 'SW4 SRX 2.8 4x4 7L', 2019, 96000, 'Rio Verde', 'GO', 265600, '900031-4', 320000, true, true, 'active', 'nenhum', false, 'Preto', 'automatico', 'diesel', 4, now()),
  ('f0000000-0000-4000-8000-000000000032', 'e0000000-0000-4000-8000-000000000004', 'aa000000-0000-4000-8000-000000000032', 'Chevrolet', 'Onix Plus LTZ 1.0 Turbo', 2021, 34000, 'Rio Verde', 'GO', 67240, '900032-5', 82000, true, false, 'active', 'nenhum', true, 'Prata', 'automatico', 'flex', 4, now()),
  ('f0000000-0000-4000-8000-000000000033', 'e0000000-0000-4000-8000-000000000004', 'aa000000-0000-4000-8000-000000000033', 'Fiat', 'Strada Volcano 1.3', 2022, 26000, 'Jataí', 'GO', 80640, '900033-6', 96000, true, false, 'active', 'nenhum', true, 'Vermelho', 'manual', 'flex', 4, now()),
  ('f0000000-0000-4000-8000-000000000034', 'e0000000-0000-4000-8000-000000000004', 'aa000000-0000-4000-8000-000000000034', 'Hyundai', 'HB20S Evolution 1.0', 2021, 39000, 'Rio Verde', 'GO', 56880, '900034-7', 72000, true, false, 'active', 'nenhum', true, 'Branco', 'manual', 'flex', 4, now()),
  ('f0000000-0000-4000-8000-000000000035', 'e0000000-0000-4000-8000-000000000004', 'aa000000-0000-4000-8000-000000000035', 'Jeep', 'Renegade Sport 1.8', 2020, 56000, 'Rio Verde', 'GO', 71760, '900035-8', 92000, true, true, 'active', 'nenhum', true, 'Cinza', 'automatico', 'flex', 4, now()),
  ('f0000000-0000-4000-8000-000000000036', 'e0000000-0000-4000-8000-000000000004', 'aa000000-0000-4000-8000-000000000036', 'Volkswagen', 'Gol 1.6 MSI', 2019, 71000, 'Santa Helena de Goiás', 'GO', 36000, '900036-0', 48000, true, false, 'active', 'nenhum', false, 'Branco', 'manual', 'flex', 4, now()),
  ('f0000000-0000-4000-8000-000000000037', 'e0000000-0000-4000-8000-000000000004', 'aa000000-0000-4000-8000-000000000037', 'Honda', 'Biz 125', 2021, 12000, 'Rio Verde', 'GO', 11200, '900037-1', 14000, true, false, 'active', 'nenhum', true, 'Vermelho', 'manual', 'flex', 2, now()),
  ('f0000000-0000-4000-8000-000000000038', 'e0000000-0000-4000-8000-000000000004', 'aa000000-0000-4000-8000-000000000038', 'Mercedes-Benz', 'Atego 2426 6x2', 2016, 380000, 'Rio Verde', 'GO', 244360, '900038-2', 298000, true, true, 'active', 'nenhum', false, 'Branco', 'manual', 'diesel', 2, now()),
  ('f0000000-0000-4000-8000-000000000039', 'e0000000-0000-4000-8000-000000000004', 'aa000000-0000-4000-8000-000000000039', 'Ford', 'Ka SE 1.0', 2020, 47000, 'Rio Verde', 'GO', 41580, '900039-3', 54000, true, false, 'active', 'nenhum', true, 'Azul', 'manual', 'flex', 4, now()),
  ('f0000000-0000-4000-8000-000000000040', 'e0000000-0000-4000-8000-000000000004', 'aa000000-0000-4000-8000-000000000040', 'Toyota', 'Hilux SRX 2.8 4x4', 2021, 68000, 'Rio Verde', 'GO', 216720, '900040-4', 258000, true, true, 'active', 'nenhum', true, 'Prata', 'automatico', 'diesel', 4, now())
on conflict (id) do nothing;

-- 6) Categorias aceitas em troca (catira)
insert into listing_accepted_trades (listing_id, category) values
  ('f0000000-0000-4000-8000-000000000001', 'carro'),
  ('f0000000-0000-4000-8000-000000000001', 'moto'),
  ('f0000000-0000-4000-8000-000000000002', 'moto'),
  ('f0000000-0000-4000-8000-000000000003', 'carro'),
  ('f0000000-0000-4000-8000-000000000003', 'suv'),
  ('f0000000-0000-4000-8000-000000000003', 'moto'),
  ('f0000000-0000-4000-8000-000000000004', 'carro'),
  ('f0000000-0000-4000-8000-000000000006', 'moto'),
  ('f0000000-0000-4000-8000-000000000007', 'carro'),
  ('f0000000-0000-4000-8000-000000000007', 'moto'),
  ('f0000000-0000-4000-8000-000000000008', 'caminhonete'),
  ('f0000000-0000-4000-8000-000000000008', 'suv'),
  ('f0000000-0000-4000-8000-000000000008', 'imovel'),
  ('f0000000-0000-4000-8000-000000000009', 'carro'),
  ('f0000000-0000-4000-8000-000000000009', 'suv'),
  ('f0000000-0000-4000-8000-000000000010', 'caminhonete'),
  ('f0000000-0000-4000-8000-000000000010', 'caminhao'),
  ('f0000000-0000-4000-8000-000000000011', 'carro'),
  ('f0000000-0000-4000-8000-000000000011', 'suv'),
  ('f0000000-0000-4000-8000-000000000012', 'suv'),
  ('f0000000-0000-4000-8000-000000000012', 'caminhonete'),
  ('f0000000-0000-4000-8000-000000000014', 'caminhonete'),
  ('f0000000-0000-4000-8000-000000000014', 'caminhao'),
  ('f0000000-0000-4000-8000-000000000014', 'imovel'),
  ('f0000000-0000-4000-8000-000000000015', 'carro'),
  ('f0000000-0000-4000-8000-000000000015', 'suv'),
  ('f0000000-0000-4000-8000-000000000016', 'moto'),
  ('f0000000-0000-4000-8000-000000000017', 'carro'),
  ('f0000000-0000-4000-8000-000000000017', 'suv'),
  ('f0000000-0000-4000-8000-000000000018', 'carro'),
  ('f0000000-0000-4000-8000-000000000019', 'caminhonete'),
  ('f0000000-0000-4000-8000-000000000019', 'caminhao'),
  ('f0000000-0000-4000-8000-000000000020', 'carro'),
  ('f0000000-0000-4000-8000-000000000020', 'moto'),
  ('f0000000-0000-4000-8000-000000000021', 'carro'),
  ('f0000000-0000-4000-8000-000000000021', 'suv'),
  ('f0000000-0000-4000-8000-000000000021', 'moto'),
  ('f0000000-0000-4000-8000-000000000022', 'caminhonete'),
  ('f0000000-0000-4000-8000-000000000022', 'suv'),
  ('f0000000-0000-4000-8000-000000000023', 'carro'),
  ('f0000000-0000-4000-8000-000000000024', 'suv'),
  ('f0000000-0000-4000-8000-000000000024', 'caminhonete'),
  ('f0000000-0000-4000-8000-000000000026', 'moto'),
  ('f0000000-0000-4000-8000-000000000027', 'carro'),
  ('f0000000-0000-4000-8000-000000000027', 'moto'),
  ('f0000000-0000-4000-8000-000000000028', 'caminhonete'),
  ('f0000000-0000-4000-8000-000000000028', 'caminhao'),
  ('f0000000-0000-4000-8000-000000000028', 'imovel'),
  ('f0000000-0000-4000-8000-000000000029', 'moto'),
  ('f0000000-0000-4000-8000-000000000030', 'carro'),
  ('f0000000-0000-4000-8000-000000000030', 'caminhonete'),
  ('f0000000-0000-4000-8000-000000000030', 'moto'),
  ('f0000000-0000-4000-8000-000000000031', 'suv'),
  ('f0000000-0000-4000-8000-000000000031', 'caminhonete'),
  ('f0000000-0000-4000-8000-000000000031', 'imovel'),
  ('f0000000-0000-4000-8000-000000000032', 'carro'),
  ('f0000000-0000-4000-8000-000000000033', 'carro'),
  ('f0000000-0000-4000-8000-000000000033', 'caminhonete'),
  ('f0000000-0000-4000-8000-000000000033', 'moto'),
  ('f0000000-0000-4000-8000-000000000034', 'carro'),
  ('f0000000-0000-4000-8000-000000000034', 'moto'),
  ('f0000000-0000-4000-8000-000000000035', 'carro'),
  ('f0000000-0000-4000-8000-000000000035', 'suv'),
  ('f0000000-0000-4000-8000-000000000036', 'moto'),
  ('f0000000-0000-4000-8000-000000000037', 'moto'),
  ('f0000000-0000-4000-8000-000000000038', 'caminhao'),
  ('f0000000-0000-4000-8000-000000000038', 'trator'),
  ('f0000000-0000-4000-8000-000000000038', 'imovel'),
  ('f0000000-0000-4000-8000-000000000039', 'moto'),
  ('f0000000-0000-4000-8000-000000000040', 'caminhonete'),
  ('f0000000-0000-4000-8000-000000000040', 'suv'),
  ('f0000000-0000-4000-8000-000000000040', 'imovel'),
  ('f0000000-0000-4000-8000-000000000040', 'trator')
on conflict do nothing;

-- 7) Fotos principais (arquivos enviados ao bucket pelo script de seed)
insert into listing_photos (listing_id, storage_path, position) values
  ('f0000000-0000-4000-8000-000000000001', 'e0000000-0000-4000-8000-000000000001/seed-01.jpg', 0),
  ('f0000000-0000-4000-8000-000000000002', 'e0000000-0000-4000-8000-000000000001/seed-02.jpg', 0),
  ('f0000000-0000-4000-8000-000000000003', 'e0000000-0000-4000-8000-000000000001/seed-03.jpg', 0),
  ('f0000000-0000-4000-8000-000000000004', 'e0000000-0000-4000-8000-000000000001/seed-04.jpg', 0),
  ('f0000000-0000-4000-8000-000000000005', 'e0000000-0000-4000-8000-000000000001/seed-05.jpg', 0),
  ('f0000000-0000-4000-8000-000000000006', 'e0000000-0000-4000-8000-000000000001/seed-06.jpg', 0),
  ('f0000000-0000-4000-8000-000000000007', 'e0000000-0000-4000-8000-000000000001/seed-07.jpg', 0),
  ('f0000000-0000-4000-8000-000000000008', 'e0000000-0000-4000-8000-000000000001/seed-08.jpg', 0),
  ('f0000000-0000-4000-8000-000000000009', 'e0000000-0000-4000-8000-000000000001/seed-09.jpg', 0),
  ('f0000000-0000-4000-8000-000000000010', 'e0000000-0000-4000-8000-000000000001/seed-10.jpg', 0),
  ('f0000000-0000-4000-8000-000000000011', 'e0000000-0000-4000-8000-000000000002/seed-11.jpg', 0),
  ('f0000000-0000-4000-8000-000000000012', 'e0000000-0000-4000-8000-000000000002/seed-12.jpg', 0),
  ('f0000000-0000-4000-8000-000000000013', 'e0000000-0000-4000-8000-000000000002/seed-13.jpg', 0),
  ('f0000000-0000-4000-8000-000000000014', 'e0000000-0000-4000-8000-000000000002/seed-14.jpg', 0),
  ('f0000000-0000-4000-8000-000000000015', 'e0000000-0000-4000-8000-000000000002/seed-15.jpg', 0),
  ('f0000000-0000-4000-8000-000000000016', 'e0000000-0000-4000-8000-000000000002/seed-16.jpg', 0),
  ('f0000000-0000-4000-8000-000000000017', 'e0000000-0000-4000-8000-000000000002/seed-17.jpg', 0),
  ('f0000000-0000-4000-8000-000000000018', 'e0000000-0000-4000-8000-000000000002/seed-18.jpg', 0),
  ('f0000000-0000-4000-8000-000000000019', 'e0000000-0000-4000-8000-000000000002/seed-19.jpg', 0),
  ('f0000000-0000-4000-8000-000000000020', 'e0000000-0000-4000-8000-000000000002/seed-20.jpg', 0),
  ('f0000000-0000-4000-8000-000000000021', 'e0000000-0000-4000-8000-000000000003/seed-21.jpg', 0),
  ('f0000000-0000-4000-8000-000000000022', 'e0000000-0000-4000-8000-000000000003/seed-22.jpg', 0),
  ('f0000000-0000-4000-8000-000000000023', 'e0000000-0000-4000-8000-000000000003/seed-23.jpg', 0),
  ('f0000000-0000-4000-8000-000000000024', 'e0000000-0000-4000-8000-000000000003/seed-24.jpg', 0),
  ('f0000000-0000-4000-8000-000000000025', 'e0000000-0000-4000-8000-000000000003/seed-25.jpg', 0),
  ('f0000000-0000-4000-8000-000000000026', 'e0000000-0000-4000-8000-000000000003/seed-26.jpg', 0),
  ('f0000000-0000-4000-8000-000000000027', 'e0000000-0000-4000-8000-000000000003/seed-27.jpg', 0),
  ('f0000000-0000-4000-8000-000000000028', 'e0000000-0000-4000-8000-000000000003/seed-28.jpg', 0),
  ('f0000000-0000-4000-8000-000000000029', 'e0000000-0000-4000-8000-000000000003/seed-29.jpg', 0),
  ('f0000000-0000-4000-8000-000000000030', 'e0000000-0000-4000-8000-000000000003/seed-30.jpg', 0),
  ('f0000000-0000-4000-8000-000000000031', 'e0000000-0000-4000-8000-000000000004/seed-31.jpg', 0),
  ('f0000000-0000-4000-8000-000000000032', 'e0000000-0000-4000-8000-000000000004/seed-32.jpg', 0),
  ('f0000000-0000-4000-8000-000000000033', 'e0000000-0000-4000-8000-000000000004/seed-33.jpg', 0),
  ('f0000000-0000-4000-8000-000000000034', 'e0000000-0000-4000-8000-000000000004/seed-34.png', 0),
  ('f0000000-0000-4000-8000-000000000035', 'e0000000-0000-4000-8000-000000000004/seed-35.jpg', 0),
  ('f0000000-0000-4000-8000-000000000036', 'e0000000-0000-4000-8000-000000000004/seed-36.jpg', 0),
  ('f0000000-0000-4000-8000-000000000037', 'e0000000-0000-4000-8000-000000000004/seed-37.jpg', 0),
  ('f0000000-0000-4000-8000-000000000038', 'e0000000-0000-4000-8000-000000000004/seed-38.jpg', 0),
  ('f0000000-0000-4000-8000-000000000039', 'e0000000-0000-4000-8000-000000000004/seed-39.jpg', 0),
  ('f0000000-0000-4000-8000-000000000040', 'e0000000-0000-4000-8000-000000000004/seed-40.jpg', 0)
on conflict do nothing;

